<?xml version="1.0" encoding="UTF-8" standalone="yes"?>
<addon id="plugin.video.vodpass" name="vodpass" version="1.1" provider-name="vodpass">
  <requires>
    <import addon="xbmc.python" version="2.1.0" />
  </requires>
  <extension point="xbmc.python.pluginsource"
            library="default.py">
        <provides>video</provides>
  </extension>
  <extension point="xbmc.addon.metadata">
    <platform>all</platform>
    <summary>Movie  TV </summary>
    <description>movies tvshows iptv</description>
  </extension>
</addon>
